historical_consumption,lead_time,seasonal_factor,supplier_reliability,optimal_reorder_point
380.7947176588889,6.36885493631997,0.892558525603859,0.9018108982626694,2390.4885043354316
951.207163345817,16.715127473972387,0.8704681986079997,0.9390044191574116,14687.36560874522
734.6740023932911,26.315429240415842,1.859381870781555,0.7751403696377497,44025.086503871884
602.6718993550662,22.234521705877274,0.8743192997742592,0.8874622298820997,13039.034627816756
164.45845403801215,24.39027328798204,0.9079245891929465,0.8715237949431246,4105.155785158641
164.43457513284062,20.104717634610804,1.6390973936269455,0.9498491130364813,5683.516705631425
67.50277604651747,21.076020371017723,1.17460976367581,0.9718261181443781,1706.6433275164406
867.5143843171858,25.62667389539426,1.6650658354327719,0.703647031443216,47969.48208661803
605.1038616257767,8.240372256916391,0.5980492363465779,0.9022059757176377,3269.7681988981826
710.9918520180851,15.193323945651073,1.2313567905100764,0.7155507397359187,17086.710397783012
30.378649352844423,7.415073812768465,0.550420400274924,0.8646575995232068,139.80221008591647
970.2107536403744,29.642372231902762,0.5939798051830318,0.7862898187131034,20729.010642576304
834.1182143924175,28.377720850911786,1.8596561800166165,0.7920329798566423,53163.74926742164
220.2157195714934,2.143377529686671,0.7088680566763927,0.805887551035707,405.6200308009452
190.00671753502962,21.461680002954964,1.2986310234128258,0.886387734714883,5884.118205610077
191.5704647548995,27.832201205054307,1.1166434039010598,0.8002149897006308,7150.98058928896
311.1998205299424,6.236685008692673,1.021014989388264,0.9198097151770841,2130.528598910147
529.5088673159155,17.470411686026253,1.8497500185309086,0.8213582156721608,20160.866546443536
437.62556845569463,27.549160630053212,0.5327350951632343,0.7205059600929875,8203.228024012531
298.3168487960615,1.9844333789881663,1.4956845292633836,0.9351279527452322,937.8557985293793
615.7343657751557,21.22518775015836,1.9450916513203256,0.7857274973778118,30877.232326477508
148.09892204552142,9.623121213803973,1.3402522751927628,0.8298300638797788,2240.289138413669
299.22320204986596,27.80748966591938,1.9052336930496376,0.9056331649665704,17358.53574762715
372.6982248607548,29.160689109795666,0.5783868189290357,0.7997368471446136,7550.060271943387
461.50928437486556,28.383728184289584,1.1281899786112422,0.7169756968440146,18950.214949728663
787.3242017790834,14.752212283066449,0.8902366864430767,0.812176314103844,12278.667512809003
207.67704433677613,25.99923687869009,1.5962314474710948,0.983334574808291,8754.596746180752
519.0920940294754,25.491932557517043,1.97194563574587,0.8925203191895674,28911.977358520904
596.4904231734221,10.253913724054414,0.8847950936663718,0.9014437446001621,5933.118114356462
55.98590859279775,25.038548750369642,1.4812619022111118,0.8896846460912919,2314.4420516810806
611.4694033824239,2.073221406749286,0.7971464491396102,0.759697641687831,1262.319178308444
178.8188824504186,18.291826475979537,1.3479953818574149,0.825500159230684,5196.889629231946
74.40107705542673,7.670256281343389,1.1958987300325044,0.9252819395089955,729.3658621633216
949.3966818807999,4.496439687541086,1.9580079944473057,0.7304118692659477,10619.039041173091
965.9757127438138,3.2316428472470653,1.4127909090446997,0.7833558328269137,5388.5739396137305
810.3133746352966,21.19237450046605,1.024259558130228,0.7828957325397561,21401.54466370078
311.56763148163697,10.856373949273918,0.6711436773319001,0.8296056782783517,2641.608496906377
106.69539286632003,22.018236374334084,0.7268702431024019,0.9941106222826555,1698.8524102449478
687.3906962470353,2.8953338831693287,0.8379753949268527,0.7202507640051465,2141.4417844510235
445.7509688022053,10.1434197970877,0.8764499920104469,0.8556102983141785,4516.173576484843
130.81785249633106,16.64524747888478,1.7759240867617068,0.7538094046036631,4815.3790370287825
500.2251410101575,23.930971780329944,1.3418341824237874,0.9912029636229233,16208.60685887137
44.04463590406621,10.243822585030028,1.2850863670615498,0.7339910514182392,735.8992559744058
910.2271980579942,19.150849916673263,0.6721533078038262,0.8210803007084774,13817.33123202067
266.1921817840167,26.693354698849426,1.7902095400241524,0.9213654954503818,13722.934289265488
665.8970615104422,18.86003245728683,1.5842214548127256,0.9113663284082336,21672.226859021845
318.59396532851684,7.755824767855379,0.6015025428500024,0.8268185910681797,1734.1624058216712
524.8673409660327,1.7076226651396027,1.5617526458446531,0.8039572503858154,1667.403358279202
551.2431765498469,26.232867343126966,1.3153073260139692,0.8192837135658612,22449.792759138338
193.00591097027177,1.6168129146612271,0.6225880186201673,0.7792828789475917,245.46450227192318
969.888781486913,26.36634850784178,1.1874509622929847,0.76159988161204,37614.263737385576
777.3814951275034,16.339176886789147,1.2270444306950705,0.8449119092676669,18007.300268763847
940.1039521485473,28.23296325687399,0.7486618102449136,0.7805601268202822,24243.229696537193
895.8790769233724,24.164713837436295,1.9185472205004235,0.786238499469175,50400.56475063943
601.9209790229743,29.940089205466787,1.774963057220993,0.8970268190423671,35298.15601401722
922.6554926728857,11.170642648099594,1.5035335059936625,0.9905611995099677,15657.90064230346
97.6075770314003,23.24846037900268,1.193443341500911,0.8810911601678125,3037.576776795269
204.02303379495373,12.655996494668022,1.1176483123767627,0.7230938401194899,3702.8366864508
54.775016021432684,14.916392988813357,1.4764602007264314,0.7226750841562201,1524.3160394670717
332.0770274556317,19.197658433332734,1.3181478041103583,0.9854269662536698,8520.543310767911
394.7905167925872,26.336636311403822,0.5934096588228284,0.7891872370922001,7463.300911604548
278.63554145615694,29.53842060677956,1.2687539731554975,0.7276200958247426,13293.941404727642
830.45013406041,23.27992900207103,1.7096054258492592,0.8797133761451145,37016.645492213145
363.1857934266534,13.115236682852679,1.1888598163954371,0.8870946334870798,6309.7994449102425
288.1251645905069,13.219353066035035,0.5779348663314026,0.8945514460356064,2447.079144107617
547.269122326666,22.389886746077853,1.6794172990760496,0.7802206083572624,25108.052159683313
149.51498272501502,7.9245372272807675,0.8020456732039616,0.7045332052643425,1233.9110897948167
804.1750109464992,4.203749280810445,0.8879312523320582,0.9895046108363416,3023.3213404615644
83.80513724297312,11.28404257158252,0.7470595301484438,0.7752679137073307,856.7616788205322
987.0180672345122,9.32993075796837,0.9953225973072464,0.9028078864157643,10069.07044235616
774.5223216036909,9.592935493223713,1.6351272585329526,0.9119889609636129,13225.932747286417
206.72852471883067,7.774624780447388,1.2790787892559061,0.8830022251238456,2295.914156141792
15.466895952366375,2.220702499454495,0.8073219112260688,0.7938722182640945,29.266089812382223
817.3068141702859,1.5183441072690005,1.8167451172280613,0.7813288761292196,2727.230213566593
709.788770409141,29.643949302344915,1.8193727824272938,0.8793004848108109,42891.14575649863
731.7170963605774,13.405420878340008,1.8058676375690104,0.9598286900835075,18444.408859064624
773.5576432190862,12.14547276763077,0.858194317072309,0.9840201186770187,8178.967299647737
83.30420521674945,20.709771198099027,1.1768590162714823,0.7317717413211272,2576.8168758440866
364.8810712588299,7.329362748086861,1.9774844842113126,0.7464485837793159,6639.452509401097
124.71036892987841,28.548874334556533,1.6580187144649856,0.9834208776349239,5988.4306089232305
864.4723916168376,23.80400541805101,0.5407511318383398,0.9209605685004377,12008.88609565252
627.0651455592823,3.5929190670555258,0.597806886890738,0.964898147448932,1403.5117985068325
337.5890446041227,13.109842497762923,1.195897065218499,0.7607897902406029,6558.9282190865215
72.9227667831634,26.494430919302776,1.8638303087923402,0.8762757613328205,4075.224163796704
317.8724984985056,28.3972286464509,1.3080526969290713,0.910341878325242,12849.33970627922
331.9314888064796,14.554643826246222,1.2467187620514353,0.9040335656340918,6611.679271093216
732.3101165546834,18.788930287110524,0.6582105499349459,0.8224455072600094,10662.831972691361
641.181896641661,5.843984436670182,1.485170157086441,0.7046184675073925,7216.539801760612
888.3406151505633,29.74389015797232,1.7331547409003383,0.874877817041279,51528.97571444178
477.4927759103298,7.718479340119859,1.0706300112613434,0.7759304617538826,4822.634230563561
128.3983034789187,28.339221449918643,1.6634177763879912,0.8350762738428671,7053.213896160589
716.1123393507651,19.839752820778685,1.9467149808512174,0.9872743045251452,27991.324607338123
763.1771981307285,18.624367051486914,0.8056496886915336,0.8197105952927304,13521.829484184109
565.6644255938013,15.867966819478749,1.284994446792112,0.951940481999328,12091.340548504251
773.2575081550153,7.689424539815002,0.9307069371268633,0.7565621817247753,6887.441265100809
498.85764040074685,6.11931292815974,1.689281628550759,0.9017381494075086,5674.111738833408
527.5055010881741,7.3941000630350855,1.3663900488217362,0.9931020863316831,5369.945307356715
433.26560817496414,6.406709602183381,1.4518736263254557,0.730567930261881,5117.445579898687
35.164935476654236,23.607949733435845,1.696871239423841,0.7024959826681576,1818.9767901962716
116.81251272337141,11.153632515835174,1.0939557089936822,0.8300748377897843,1660.368867945549
41.11489382986691,2.6774376203384946,1.8726351026105648,0.7277876449154101,274.12689116131565
640.0463071511426,29.10397627408353,1.2995433008692099,0.9245153049028694,26049.431161576686
321.2124212655634,26.629790663939346,0.736932234253022,0.9743645991545677,6462.799175430525
513.4849842530557,27.904816212661174,1.5438486772532036,0.8302062918126276,25877.877118060384
908.490809186832,29.852326856746622,1.6898920256573815,0.7776134926466323,56013.93695798695
256.7993068573862,6.042962227365131,0.9751425156012901,0.8303209957019829,1781.7489516965388
416.2790938052734,12.491018548177104,1.7857688854981295,0.9170343453550003,10062.587582991488
757.9956271576182,22.98891579541865,1.8592148821486496,0.7027162484741113,42048.47976818929
236.51018383670623,21.184597923559974,0.9153567310667134,0.8768361968454091,5142.359094486219
86.21011073050506,5.462981283855797,1.975282209072833,0.8839875054662137,1034.4321128826557
296.85393838463034,24.659160624727914,0.7110672920731376,0.8913064740687806,5773.2113984959415
169.60907438146438,7.50877658326316,0.8030235026037349,0.7726066239942632,1261.7150916023134
930.4006758191473,7.490710829856069,0.7763372588570392,0.914215817013438,5872.560856834166
810.0391757687728,16.572258263908992,1.8409845650118055,0.7274174458995328,31441.500572908113
637.0697189453192,18.19525811040939,1.481438828487443,0.7597811009400403,21306.246642663293
872.7459842858406,17.822500027296524,0.7281564248334094,0.9632410139963445,11749.66832197683
805.6353561301233,3.6531182845348913,1.1604851275525234,0.9216169452179699,3673.9489226026103
194.70435829717547,26.44636501628103,1.422947037604703,0.7041236662034035,9508.53226133409
893.633408505078,8.702401235072475,0.6251961274840749,0.77451287811094,5970.017964844132
543.9488194964943,4.755932717201321,1.8236245526110082,0.7643219448979494,5830.885899489704
809.3657536124219,26.773694316200338,1.7054053031623027,0.7812418984110917,45040.78227417235
897.1303869242583,28.713893448662848,1.2578101603649574,0.7742679310839659,39720.88185001662
324.8234402221452,26.00170090069807,1.9506899228887558,0.7187578887228537,21100.42695274288
118.95140528239999,24.475966167021465,1.1266414689126496,0.8376821549790461,3812.8899194445326
235.65581091652226,20.00201743853163,1.9761654785547467,0.9198200424358496,10040.176484047412
432.83671073999375,16.97486374766504,1.5018799982054407,0.8820195174152309,12345.488318573536
819.8346182632682,3.522616037430894,1.4520069098809123,0.9018615005794239,4589.254934685926
862.12327742378,12.845143179050263,0.7489323429436775,0.7243447535608717,10594.999087936883
16.882609225878795,11.807966993357105,1.822891637456966,0.9854472130530362,365.37932595019123
515.6398295517901,8.53285972904946,1.1412345318809227,0.9515475501529074,5262.475161511793
423.2368931172912,21.979183296968962,0.7433501086737191,0.9415270955486987,7313.000325736892
229.88673236602295,15.380396317284353,0.5189112799636386,0.9468951415125302,1929.2932889729955
128.66671366034598,3.35034026132179,1.339633525457574,0.9798131524398284,603.3284908936844
344.23901968959166,7.3853128565445285,1.2910994331840144,0.8632761898341093,3706.279924032825
943.480606873394,20.814504146128282,1.5790304335537377,0.7600846053602878,38461.46429135353
329.9709027005477,3.2077949252187055,1.8353870795267033,0.8850350823557623,2169.443382186042
523.6027155259325,25.68500050741429,0.6191098769645442,0.9228644481003817,8956.424608842233
705.9887693062261,15.359249283405255,1.5972447355105435,0.9213752180062076,18670.65641160743
369.99330635550103,14.937010742472792,0.7811179161463733,0.856434707250064,4953.445623158381
972.0642618937511,18.17982575512601,1.787265579735746,0.7205376158000734,40401.70397446142
962.8228219926901,24.915748011829326,1.728595270792484,0.8113338815290383,49280.13398379708
259.2644728671105,11.086467029163598,1.3111906324783167,0.9762299825390073,3869.7480423928323
502.2760208334616,20.662468424212843,1.5653641979349673,0.8753346729272278,18274.42899648833
307.86952671860195,17.40622695587794,0.9715251697756226,0.861499582976714,5917.943778001476
291.9920894336929,8.743819834913218,1.206751848399222,0.780656054314658,3758.952495783454
46.51807788098747,26.480269604299583,1.7324553465657075,0.8105346759749736,2528.130434141902
613.4686906400979,24.125354626600917,1.1888977957598208,0.9686038267459508,18159.316423655855
507.6522329965729,20.09510320509434,1.0366973979881626,0.8999389142580507,11644.514401174834
60.96396373748946,25.666870143733014,1.2413186708754498,0.9362161080256999,2071.5697788297525
285.8599995942453,26.15153182783427,1.7423738786558276,0.8363036269202966,15161.255413349169
909.1832271069871,21.54252632473601,1.002812071056309,0.8890741658368474,21837.507399835846
247.1662717603027,25.273386522546488,0.7606423897036156,0.7745150826229622,5822.921122778706
153.44592337031085,21.226672388409227,1.5680210304961713,0.9116382490850459,5546.742896876176
494.5582326747874,20.724082381048714,1.7389673190621227,0.8282804001110011,20888.214685492887
985.7939495694947,18.939729968240346,0.6509562177853,0.8327636544444237,14207.205327275924
249.6347187963854,22.828782547171595,0.8598111691339171,0.8947966973730644,5405.282996280026
675.4141919318198,5.599548053499137,0.7129579846414908,0.980884186440678,2744.3468203902435
764.0034191754304,26.545252016768924,1.02191211737325,0.7192019039825862,26548.776185054212
245.26116855247568,26.283462304611728,1.175526468358119,0.9474229712041022,7975.690924774755
730.934185125741,1.8481712080022152,1.6232395054449598,0.7877149331236579,2648.500481797177
374.1053013920607,24.948685766378116,1.4767213773225112,0.8331758363519133,16093.420541675116
635.9827722876437,4.7372261567299105,1.4313928512176468,0.7065739986325027,5601.089838912534
637.1944136532858,10.718446773515115,1.0285624199144816,0.7903138233502939,8499.77462625083
540.4169372340109,22.561739432456626,1.76217132962714,0.8507893727890391,24682.562878125602
99.38687235386422,5.662036985400938,1.206930751097247,0.7168528232042317,855.9966685423317
836.9494706333456,24.721043699452803,1.9686574070227318,0.8473287188149495,46953.23518759556
327.5722643220185,25.131891160774515,1.4512132074436053,0.9781331886575282,12219.412326254896
194.6533252958557,15.71656427906425,0.6893971123467542,0.7316179654323415,2679.8452773992103
50.367390139216276,1.185190279788174,1.514266343113151,0.9293322184226513,96.7579482191598
594.9840137563594,9.324105862072471,0.9876560231475484,0.8229013160127978,6443.682077674704
680.7887182238596,18.890880632896526,1.529490795029146,0.8965521143573014,21694.25120003218
26.42195063857759,29.45439916279528,0.6044617222436086,0.7780709793955688,583.164810698202
516.9721277162882,19.322592283483385,0.762322155763939,0.7478476787624074,9544.30296829951
234.23081744595856,8.534303850860635,1.7836058883586796,0.7481387842813679,4447.957175173038
648.7210625053553,19.386165389888728,0.8407693355352723,0.7211475836929434,13538.09369809969
182.62276471494152,16.65957601175981,1.75556168786441,0.7556940114703729,6651.768356993816
694.0283607214413,23.615516459383166,0.9189141326816157,0.8992658154966905,16591.992717430057
392.86799283753203,4.102438525981794,1.4643228650880615,0.9645071835530524,2430.4181336384977
937.3626888493671,23.069809172558813,1.5412258602647464,0.9442377056773485,35173.49235868403
146.1457347045333,16.696730781607197,1.2689821297175794,0.9055402929623452,3387.5204859746245
347.65568753975595,28.926768111910846,0.9579660150450969,0.7331295590233308,12209.852890003387
122.33878602818318,10.914292815121897,0.8189665645566442,0.7867562338887849,1344.6675141219946
925.4466820957772,19.346034900884497,0.5497840318436393,0.7929420625967407,11888.351101759095
878.5659598471713,28.028815059790507,0.9559196018610857,0.7749870839192863,28833.980113997146
265.362211438004,3.9727821117296984,1.4797441857969245,0.854501697912917,1776.6966589684876
663.3842055738372,28.179626129857084,1.907457227672724,0.8606661444639018,40638.49653183915
819.0499781992037,20.948685946723586,1.806806723394578,0.807065792551333,36972.77744536465
559.6488034834678,2.967274714049985,1.6490971648029538,0.8061367476209308,3285.7306573343326
534.3540725724464,9.727943441457672,1.682671014879948,0.9485666793718244,9193.836894947348
249.43376799144716,21.536990570713165,1.4974773552139928,0.9367878544959056,8568.944932974946
102.17174012784022,2.9531674425943795,0.8904302863490046,0.7923387495042237,331.25136965580015
898.2436003737935,17.882943345111926,1.860792546058745,0.9741365331619778,30662.05445078165
901.4138765916972,11.030608651635745,1.506098467858751,0.9858445051007518,15182.143077440764
636.7704427005352,19.006550015256835,1.3406609464706598,0.7980227626090122,19499.589580869513
345.63949313821365,2.3265189805628728,0.6664842038202217,0.8063274846379165,644.0253891763275
355.7174788665343,26.27456737841891,1.1705833157096381,0.8516902460265876,12564.026227346794
728.6961220815369,29.23118010614451,1.1905374068028896,0.982336243760102,25801.218668247824
898.1391573530514,29.097457803285053,1.796845414284005,0.9628958299426935,48698.65915490586
888.2155600224661,22.739903120544817,1.3199723302816828,0.7307703887750769,33839.35643735152
782.0767903990476,4.772500963788327,1.0706008234556146,0.8178192229814248,4702.680023282531
645.6113296927449,22.989632681941654,1.965200492765989,0.8660113569249315,33081.02049637947
93.29856534509834,1.7130205773052438,0.6660808899894735,0.850939741765462,112.52556239464022
170.01242695366764,1.6415829943409204,1.133822642467917,0.7581589203810678,381.4323890859357
899.5686466418084,10.384696355336697,0.5630370127571079,0.9576450313504463,5465.65254356385
610.364769062994,15.170652521735306,1.6098561811503955,0.9030822348990512,16333.458277401047
19.10508110046335,23.341815116426,1.877114828298726,0.951372512455541,864.245549157966
110.45682743737179,20.81556592158865,0.9200559943257341,0.9576292838048417,2197.9537356578194
666.8667514169753,13.931178484925702,1.7875125151986813,0.9245067560997219,17879.624895760742
15.0109680077565,8.93517332216831,0.9383273456928467,0.8317631803749151,141.76815174051615
169.19997090332367,29.916610504573622,1.8661552424658727,0.8831640265046273,10551.713734220662
553.2464514729203,13.359257764843216,1.630942855395176,0.7481096218359229,15094.587618592455
694.9762457157664,14.09022370556059,1.707360165262158,0.9020936252424723,18357.321272055233
655.4416469075745,5.745090814558406,0.5270098334006817,0.7537759767217842,2472.348863587196
232.0266163659542,24.049476913747952,1.9442155356110389,0.908184877153047,11833.098638722257
715.0574291340605,21.11678454766317,1.590006488105485,0.7688794482261906,29572.042728818473
244.87659662183208,7.402318770874052,0.9571266430792,0.735265390045066,2212.310679821036
332.14570117767505,3.389050322859438,1.7440919972882705,0.7495853470428872,2438.0524490782723
749.0264910668438,20.73447976016668,0.9222817976223949,0.700597640565721,18601.955372213444
653.1365700567425,19.980825214152922,1.8091307593491919,0.915621885356059,25598.86177089685
850.7311763892361,8.92452628294807,0.6688705856179056,0.9197203147175137,5476.354939323684
661.03676337734,28.5750433052619,1.5555289661911935,0.8544800049739778,33663.44571620731
572.6255173021169,5.380678861646107,1.3110477149673656,0.748408840316615,5048.504111362992
102.73802014981155,13.537709230235455,0.6448017052931612,0.7250663012532069,1165.0294039857586
374.0386450288392,28.36486168486037,0.8628407423882585,0.705738689931186,11860.03404455147
272.5503440049082,13.172092190857548,0.5186060544159722,0.7497244530895661,2329.9211959990876
251.54974694529275,19.51725248225848,1.2031519481967587,0.967256660494944,6110.6296062623305
973.2804492049211,12.530237540921034,0.9518978911400006,0.7724610525105045,14261.324271399213
399.1667474200928,8.952240868111431,1.3975362264466382,0.8062813981651646,5955.800149274273
893.1260896253422,29.53535179083502,0.9458567115629257,0.7316036453443999,31639.035451965465
634.8272397372903,12.870686183136247,0.9498786672604771,0.766708391424451,9572.527435428225
796.863190506232,26.9288769066949,1.614789798097405,0.8557673712340615,39657.62490700423
507.61072217414016,7.668683570841499,0.5722142539675301,0.8823258049286957,2490.9672486144646
581.1348457800955,7.1800364167274155,1.8543424927879808,0.7736056942498633,9473.299807403302
497.59251688067525,1.9028884036508296,1.7783958115867722,0.7173196477675351,2151.873669342671
203.29055792006406,19.898337935900667,1.5017070248396098,0.8173098607382195,7183.655210494108
725.2275941088902,11.687263967989074,1.3898323551610765,0.7702610112779003,14485.712082999195
287.96463881644723,26.066389245349473,1.8384537472094784,0.7658661769689405,17050.523514119657
34.0728067671393,14.723087294055158,0.7779952692930716,0.9879588408140365,381.1263264098746
649.0175729480961,29.07760940952693,0.6184537432862429,0.8848901457777172,13019.93177308279
185.33957261297846,6.380239955390513,0.8592652548643072,0.8670635329516287,1166.0571914613458
941.0539985093851,26.190071870712714,1.6918674180502853,0.8247325310569965,49029.281063066956
954.3892912325615,23.52130873096051,0.552005400089725,0.8286833000290432,14510.543650273241
915.715746318244,23.356733494677506,1.3742102526252344,0.8622715011514243,33444.78647941088
376.45711325288994,25.498713615389743,1.9931562742869648,0.9089289421108322,20880.778429390306
25.302050363578754,23.06969573734697,1.783544140756309,0.9106438288545489,1136.0547970961588
929.0353769618481,19.160389327311048,1.2821685335653843,0.7515081723116348,28493.92876881182
433.9023068341412,4.80610145278924,0.5954613639299635,0.850033825622988,1432.3444302794976
966.9882708532328,1.9432592052463056,1.7470602715785648,0.8235874285102306,3836.741702088087
963.9837773183604,27.70458758665492,1.398467762265816,0.9611580898808152,38806.07120857357
854.4793609126865,18.882859121101404,0.6723994955893502,0.8894256763655128,12050.076819452777
301.5044031488898,24.099581438309112,0.6407859272350342,0.8597512199247945,5306.8121077319265
391.246751315906,14.964148193863952,1.8644402291548885,0.7346183926536751,13832.982509072866
852.6253048016883,4.40193747990944,1.5038003944071177,0.8816913667970234,6305.061280405339
323.75278510471486,4.630387973873963,1.7439301989751332,0.73516117170407,3302.672184446768
177.79781921923157,20.88139332964017,1.818468350423401,0.8011619726697256,8113.709798599885
561.2332498337666,13.478870952084417,1.3576585280724833,0.7428525894442995,12903.08917110023
936.7932264191732,6.815217074309765,1.276169527632562,0.9076220941073107,8894.800232286821
699.0694987082233,15.256241855501669,1.1456411154814852,0.7618756341508457,15126.504133268487
574.3605583884713,2.8620591751788886,0.9754198816866789,0.8175578119564078,1904.3916491711468
106.20472883306086,17.877170655517563,1.1518939412880678,0.9687024332856335,2257.5587883357693
618.857154432178,8.800808728617833,1.6608194835952346,0.761294915019691,11191.854162184243
990.1533116032207,24.129213918478456,1.4028851465226975,0.8523415191876337,38460.977517360305
148.6831750841588,10.00049680878364,1.8387849349322691,0.8257814983498066,3204.356849995288
523.1463558400993,14.201384323372235,1.1650700215687815,0.7054372123137189,11204.670812679473
878.5993412086759,1.3369956573349184,1.410634368078131,0.9378274340718438,1764.3303419149775
743.3609315766624,3.1009597460422076,1.446961329637983,0.7207137718943799,4271.161104730526
700.0455835853153,12.38231313579386,1.3875457434594882,0.842276506293086,13906.760699708797
705.4592431472382,14.918226206796582,1.5539506596282746,0.8682034884816849,18520.139628363337
365.89623970755764,18.40059589545981,0.8561502025622094,0.8885279369843762,6409.284116326824
300.6559258218484,9.458214782569794,1.268545666318686,0.9065894887923627,3958.130344222133
811.2675439237285,21.154474697669734,0.6563372042125215,0.7759817150568145,13791.807061137397
812.012260732389,25.943549518486932,1.0767669914672189,0.7029936329975348,29431.904376630784
868.4015953943026,23.615678677907145,1.2315006029318967,0.9170330987064736,27355.51723263628
914.1081470309066,2.148945935102357,1.4783363893182087,0.8606969798042736,3321.996126473732
516.2289748723284,14.934701470477039,1.9257965788793052,0.9508353109621746,15582.551745814024
506.5011317403276,4.042975174127071,1.4009765998225339,0.9464165088702083,3021.6254062573953
800.3122271771074,8.019305460013296,1.6153908742648397,0.952997850336365,10877.51387262832
653.4642914699875,29.61321520474725,1.2593990892428042,0.845528397993862,28144.35248690544
704.9472084851263,5.132370744143883,1.4511560470644969,0.8000885187510597,6305.699599620075
797.83474274174,15.467756450089325,0.6063983242006601,0.9374674607774109,7938.580186781628
891.1052883993906,18.926516295225454,0.8815873712627704,0.8353882339087765,17303.063523599216
344.61520528302043,21.371484145779014,1.042779639807708,0.7550326589210303,9564.286054877935
381.8271231135446,17.22981182112051,1.2087400325097704,0.9564922058684423,8299.50263722845
103.04212044246032,1.2833545751563262,0.5684731182535756,0.9647679630317042,71.68197473016049
582.4973395862122,10.467377939075766,0.7100361463299765,0.839892926842051,5023.79925683332
45.582851058774665,16.013637658156632,0.9152214616869587,0.7227099181929362,869.1970222139335
470.94203795113555,3.5481284752001674,1.9572990363515759,0.8163478269750793,3878.176030214025
547.2181883605009,11.168181005066241,0.9970205106545762,0.941061297838781,6440.939391551336
293.67583960700154,1.9628901549496303,1.2230615871681239,0.9705322085638686,724.6988531232589
594.9249279633207,3.2787764174956013,0.7941465691075894,0.7610418227492787,1911.1991445909678
40.195247439658935,12.510775009846286,1.4161701066136523,0.7200920836075814,907.6154356732819
46.974706861722275,4.84875686724875,0.9210248232739615,0.9632051359398516,213.36354165013861
824.3745550530617,17.458684599585187,0.8104888676576402,0.8168214816936625,13796.950388624195
366.58873499715025,20.994484104980707,1.2748589426689687,0.8625282892802689,11148.036273208212
135.78990752536595,24.217014274163404,0.5082586987406312,0.9904197436152277,1686.10680279599
527.0208274542563,6.804357083099493,0.511496048973838,0.7199694183742669,2342.2826161219923
772.2936175676248,5.856994885513023,0.8286032136527867,0.8944954022356286,4114.177976769955
223.66281722187475,4.032467369697607,0.5550820437512317,0.7222316267724601,660.2262073823191
626.6615710608103,19.456477236765465,0.6620386311960371,0.81264067853995,9595.24005203
94.49399034383032,21.487796068120133,1.0082909740081274,0.941144363558034,2164.0344118919265
61.16490395692162,1.915998199943619,1.7038785193697192,0.8300416698266903,233.80625238396254
536.0410852524665,28.150155141067003,1.3580729650539514,0.9991547061708852,20498.437665800288
545.2287703940054,2.5071672258927,1.2690015889346247,0.8677177854839806,1981.1265251533282
641.0556024832244,16.697593723731043,0.9402332348121825,0.796348645790786,12132.926239472175
728.8304203854349,21.562755064076576,1.8976305791492245,0.7660333977714259,36801.39728530286
976.0935586679093,26.25810458863648,1.0955225618557876,0.8051561602858486,33559.83136625679
521.1373448181834,21.708521031840405,0.6306391501936572,0.8117599821278652,8479.247734433608
329.7269082118335,24.25011440902396,1.425599774176702,0.7206141033171882,14570.320561045244
797.2343328210167,10.844055583741376,0.6707575902149021,0.8108722598280319,6891.478171681633
278.12392874945346,24.629928298648856,1.0178347142025381,0.8392715559217674,8094.316458996364
444.58170649857976,3.3233305451555792,1.2611179080767134,0.9168213256716413,2013.7322221337458
87.67181752884329,26.949683025755302,1.8113337870277637,0.8970188454164824,4718.229229466874
35.09723598130294,16.88017890845835,1.2403198705101781,0.9126296965687463,798.1124075629216
963.0219305311458,24.701635328912317,1.5533881490474963,0.702509104563057,47944.50770777178
837.6203193070837,14.117230251030705,1.9892252584986054,0.7653002198741607,29043.560251057545
699.014464032761,19.663753160699223,0.6972336798469725,0.898505286519957,10545.733492890295
414.86341497012717,16.26567716714728,0.9120972882792793,0.8451968104539241,7100.486250520755
181.5613768701373,22.216096130904624,1.0918641133964697,0.7015940427005037,5705.498517221623
164.8726722443752,3.367269478887098,1.132742267808247,0.9413483927295467,675.5274554447475
257.74046918294937,2.75021043572635,1.1165316128983187,0.9318428719871013,824.3288608525232
553.7343980590592,8.165993786294248,1.8614165038348323,0.8645257488980688,9568.751834195924
717.4499634730618,5.626795723282462,1.5710489667002847,0.7199389977328816,8132.314137109539
663.595402950554,26.281723431173848,1.4118578211360555,0.9299545148597754,26345.145502674673
287.1345579764834,7.357205633383285,0.9640590767941731,0.8751140763194092,2264.8916159364176
955.3166278565621,29.300092418754808,1.735685576331942,0.9345879931473877,51757.66225298327
740.5179475288109,10.769977961362098,1.9325907672274834,0.9255240977187521,16560.3744189093
558.8105119862867,6.281419554972279,1.7317974238253397,0.9409006215873511,6427.971095345122
615.6035387720087,23.901256707131896,0.5023476577872094,0.8554024199213874,8455.017021739064
425.40406180351204,20.10252548952541,1.4546020552751107,0.7420973554580544,15662.748647780063
255.25367960614588,15.447675777141031,0.5767030721631511,0.9013472420139066,2504.9681649427866
362.41295186474895,17.105542977191305,0.8864108305005828,0.8861421355155912,6111.515106575387
760.2676493597254,21.85685156989565,0.5892870505216575,0.9226759561597262,10533.4143997689
24.24955374345831,7.625187498607663,1.4056931794240817,0.7509643018152206,321.3830108467532
124.91191410184707,29.893683565645517,1.5298848702389103,0.7584925599700867,7090.235244933583
55.54261560153522,29.26900170225671,0.6717314570988577,0.9671228551657985,1132.8827562613124
50.32151429578043,19.85944490406117,1.0757583245674693,0.9249933395356212,1150.350995118471
856.9059781708971,6.786731076945209,1.184354763433313,0.9724685466100969,7082.466229704876
706.6212807862235,20.726619030507447,1.0535795326413748,0.9276145963491762,16566.889910865528
479.4320907964519,3.0937538603960997,0.6815375007277895,0.8791465917970905,1141.211160288184
106.85581904449147,1.888922563968376,1.128421685281213,0.8962398211083621,250.91518087134412
496.699716365664,8.472803766825198,1.6267670717126272,0.9667383771820031,7072.032925384261
478.73705307276003,14.416065745440173,0.6065114967998833,0.8736420263535821,4711.18981078852
181.46985121091504,26.179902656843034,0.6202700211228551,0.8897173972985162,3283.607076899694
439.5131327455933,22.087903023222932,1.0321569377539763,0.7469430148010802,12549.483844260243
404.5196870533997,22.53848911479945,1.9125885674283876,0.8421763660348308,20190.085375490577
619.6915970716943,13.339306698994186,1.502858970084371,0.9149191335874297,13480.49044939802
638.7427143589673,11.032114783861925,1.5180049350088471,0.7812828094949096,13031.47744146019
54.85096967432407,11.760124126553478,1.0428799862567975,0.7606762541573604,819.985936982613
380.8664884802065,29.64183734834568,1.3904911868128076,0.7941480424673246,18932.772122408463
629.601316557094,2.163166550961992,0.5151967760416151,0.77245018839785,860.7165353111948
508.10489599428684,26.14391338755101,1.4541440696143133,0.7644737911109187,23871.20784192238
857.924942776439,17.78158684859941,1.869930421364355,0.8274552528604261,33443.01270598936
662.1066953027556,13.719847156498123,1.4188602025172288,0.9723515541650603,13257.496946993146
171.3050828106154,22.03247215203896,1.8105478901995176,0.8521178940216154,7835.289996761811
79.86305992642555,15.113399301316383,1.5859595831991407,0.7563761142445968,2397.7359909595143
645.9950854242525,26.329273904368158,0.6808376246055354,0.7230915008142622,14769.229090153793
36.24619743620559,27.120354056326498,1.8536799609287626,0.9088468435413776,1992.6310476869612
589.9178254607286,13.229906879330207,0.5996657665336623,0.8148396293309164,5551.454401615889
940.8279390107081,9.028006119816496,1.3009512088216457,0.9465492839756078,11632.695790594667
579.7194360971201,18.178159529207505,0.7132056856901865,0.8978532305922311,8287.898886748972
394.2882269444567,27.458537022884038,0.5175599160963561,0.9388724351624105,5958.720288616763
646.8553362579296,7.1092034811643305,1.1330513901914585,0.7815838118255346,6326.364770409243
463.6703615866015,19.066030923341,0.9425610614812343,0.9077076767383174,9106.63289670357
550.1606214227755,19.315246382683096,1.2290007406964045,0.7792185954081156,15918.42551507085
942.0501606887599,22.260277650043147,1.3657998301018262,0.9817205438350876,29155.119086521663
392.2416114227665,4.815462868690535,0.5656086084634211,0.8909122844600124,1201.1695891835686
961.5786581856751,21.75892397578057,0.6845049426856185,0.7973535400526026,17218.292412453226
906.2971355365031,27.361943099303588,1.337963594675638,0.7808535586876818,40438.18564342273
203.83322344140348,6.210810157237017,1.0147510297589872,0.757277975521493,1594.4757760618904
78.6676878664138,7.888756422792452,1.5937602313241719,0.9083922876681183,1100.3577141538192
109.77022136365238,29.17045772720755,1.4784374728879095,0.7656146838993781,5825.296795728823
28.03960739503423,6.248331628575203,1.7684065444848602,0.8785909797782467,336.9287746573285
103.49853114836911,25.777167707717794,1.538739240003838,0.7793905080776071,5025.821467248902
686.1767056821933,15.276057836993008,1.144896616085222,0.8985906834381605,13236.471549786704
80.4767619756267,8.169701157692135,1.5094499335916485,0.9444819185621618,1046.4826269705964
325.7858739908237,26.251747136902832,0.9130717613831278,0.9334075729433959,8316.628787479025
846.42655785976,13.9138523950773,0.959470248167319,0.9282553992792345,12131.38638065952
33.03921637846761,15.929703263961015,1.68347773988119,0.7563167217076756,1117.8759224382832
816.3237977630464,11.417767712593205,1.1696292746023733,0.7265154840953556,13889.860933208998
289.03622702566594,18.195574691612894,1.6975705107775287,0.9096846485462157,9726.025334765302
126.9831793454397,5.74219230496566,1.7336335605024176,0.8105041641383054,1503.1507131563717
699.7697937105091,12.341364562901061,1.7863435064919257,0.8297038679210041,18052.63254241273
632.6534183120851,29.112957347723338,1.874952853761811,0.7093447278380173,44574.35125672607
878.6972933917824,8.485869548332698,1.1464778307699444,0.7778729347825147,10462.137113259716
737.720333365847,20.045363271697475,0.9783002274817083,0.7101029211623392,18669.707625731146
805.4461210810001,10.430511862516152,1.373298119891171,0.9637557317803742,11944.76309272089
289.21422684559343,23.430720644911418,1.0567586351564413,0.7730190049655591,8800.326199052577
185.6651483419256,4.795336160832145,1.4016112502003495,0.8672011508719024,1416.7420093822577
753.1086041244497,29.124810307277798,1.558378793965737,0.7116937961983391,44043.375584150395
808.7663918745914,14.159896700125538,1.5326075277382052,0.9000542173916974,19320.359232318115
990.6000905806666,7.845463437047455,1.061829330530182,0.7969082037262282,9917.082637811594
418.4915001423122,3.131405672570367,0.7502903025481292,0.9693757560872998,1012.982857478788
378.29790493485535,5.922979247538682,1.1457940076933113,0.9664354566802107,2648.180591693946
778.6488311345769,16.07344450812451,0.7138912161228631,0.7975871855085243,10727.584850113726
347.39550485048767,10.773092116507303,1.8351455527757126,0.9702882687071404,7075.605385403111
931.449752347529,25.037617610595674,1.0188161911067861,0.9988473020496336,23812.60421991649
859.8286243245817,13.495738186192373,0.7316896208349857,0.9476246992371844,8916.836393874897
434.70408710126816,8.212713905041268,0.5381716398586263,0.9534614043265687,2010.4197751823872
753.3623571135824,18.897204611516873,1.4687335794297263,0.7747026208327269,25626.811597857526
756.9974453438356,21.49653928967793,1.4553534761821147,0.8730107196573269,26691.394355978522
112.09263014757329,5.844215329127546,1.0109062498719374,0.7201767741902103,846.4163958318985
903.527377612771,5.860957272361212,0.6075678332714765,0.7284753810465009,4078.007256307705
510.1998487233786,2.063471381072746,1.114443342342848,0.9996677836099872,1175.9844131921495
828.1928914466642,22.355658436903575,0.9668262425950904,0.7979917748277733,21509.091184092886
326.8491050203056,20.250331301032347,1.515680959602514,0.9244551736146539,10767.959135623352
896.5679962112384,14.764295396744602,1.4086688741790354,0.941999515908045,19740.294963946504
395.3096619468215,25.480943020106718,1.04689059229631,0.9574069813021687,11003.920622825817
20.729274965495378,24.36443443555154,0.8268388313824852,0.999288489220647,418.41452715984224
906.328156655071,17.975276567505812,1.9820539492333877,0.7724489455770603,39640.688241200995
100.37381001827222,26.1798671348845,1.1810024317941723,0.7121052480579099,4007.6038865293267
326.12050121451074,6.969395091066279,1.5324113536703556,0.8233574553983758,4100.442883938109
950.5613473802969,4.245668962534109,0.7108294513675412,0.739024200948684,3626.456086783369
951.1010754681805,8.822738733992699,1.2283845494890966,0.7067277667486165,13327.769229069889
577.7035092420532,2.655518826590131,0.5413050798041983,0.8081280481424458,1002.8711646085528
635.5188400481013,16.403916312029928,1.258182676865675,0.935121475322571,13970.742104321505
453.96106675853656,28.161565076553885,1.9460261106765535,0.8698542073675213,28118.263953594527
300.27866398108387,2.1409626793867798,1.0763100694787004,0.7938333967631062,821.8991857304381
335.3778999162168,4.541187506290777,0.5584940188623674,0.8963026016478159,941.6681310062498
675.7932715162681,14.113771820219624,0.5464336863790153,0.7696054540926431,6404.34935712608
754.8507841433033,28.08237550830924,1.0819801399203042,0.7043144338216255,29711.226072909434
793.66325328859,10.168527044325765,0.7400374046947911,0.9293060159309282,6386.445823722345
791.7219613666083,15.70980945196338,0.5350281444922789,0.8871229254592027,7395.060131004326
100.29404201820347,2.205612912461371,1.6343204209252653,0.928690787350288,408.5557223863036
499.4761016555557,5.3019528279005765,1.187784513322836,0.7116814050062996,4065.7059255868276
66.98317241647784,29.61227356580656,0.9338671579589818,0.9511358883491956,1962.0649566256784
554.0335935004982,28.98844219664532,1.8501247745247211,0.885857860010891,33093.457368467025
447.1151963596432,1.1432594470978787,0.6742084403007884,0.869018605213792,390.48744325534614
888.8271409307167,28.60254177727393,1.9338782434329789,0.8873842144343594,54688.19279669977
357.4058624265579,19.53447819664951,0.9709500760660292,0.9593299740605092,7047.659923456746
125.8963462633298,26.169630541080643,1.832605508463022,0.8760809519676721,6776.832506108491
151.5617652323075,14.187455813381915,1.4044143147191923,0.8742851139664538,3411.9176618013835
763.8955254002975,15.952284828798257,1.7400610396122311,0.9972037471197297,21259.503216258876
622.0358826830984,15.176550827450685,1.9760197448156964,0.9270190501205704,20026.431123161514
110.11144936156234,20.339063468837026,0.9326081567281186,0.8326881416353406,2444.1301112021615
93.26573805384746,5.049886387933074,1.9417032281113895,0.9122191000098783,1017.818621196884
703.9594401445288,1.8692341063076605,1.0842228423536304,0.8167691415075365,1673.3102384374743
82.03537630055159,9.929968306144536,1.0782678571053834,0.7686626387450497,1094.1576519437176
823.6414586974527,21.435742119362754,1.0105806563817585,0.8790555630663278,20011.54703373105
709.1798048849313,6.853750111565502,1.3121114110213778,0.9784546294341854,6505.2448822801
90.53529283548076,20.529540566422604,0.7312175647677306,0.9787418560046388,1398.038807687321
93.98933694434,29.127449337110843,1.3305672280370167,0.802571583431647,4365.178283294701
986.7731827161637,3.7231207578931333,1.312557218615006,0.8583032398665085,5503.183496726813
380.5280877985591,20.505461428528662,1.642852718907305,0.7634907695709583,15842.59979171326
376.935725596222,13.868756359832563,1.7504749429063784,0.9986893328496651,9155.637477634005
814.6715715849275,26.176125376947656,1.160662025468636,0.9943353723603807,24911.75771354728
947.7760916100201,6.137343893974191,0.9534998740272407,0.8948526789122342,6129.534685735115
986.1410531846421,21.08615261455877,0.8890023459756418,0.9413242179032419,19578.336999620595
755.8444034063522,25.305343399795195,0.7919357550573078,0.91453004838511,16434.00582412731
382.4969896756066,28.393812364746672,0.5864713732985374,0.8779474657118405,7139.003282565608
92.66570953168208,20.81419282039973,1.01367196825207,0.7160043990966692,2521.200630148801
779.3754467681624,15.418068156244392,0.9053715381961749,0.8364293027657983,12645.413713828317
562.820207238447,18.917569965835202,1.9496260787996111,0.9024358906502231,22779.128155366543
429.97978915450653,26.19824454988283,1.336563239375066,0.9032594841651054,16512.87081458732
907.2908412437886,17.54768265252606,1.0209155585457612,0.811936785526715,19311.709376354025
120.08550748308983,1.881224731208269,1.3707014014905439,0.9825075959974092,313.2778025272449
497.6988532479506,27.997512169702357,0.7087950520185433,0.7502071096710342,12347.642593034529
21.240108319744877,20.996275779915273,1.1660656238033043,0.8501078338646681,604.8981543800196
473.974035574185,20.61888818754015,1.4393514821315958,0.9072651929652469,15378.32191194178
65.74024292501898,7.254579419533798,1.233346747688677,0.9091407417675428,631.7908690141892
127.6297371053912,20.10767863674706,1.1026682009814863,0.8945916870306446,3125.263914501185
126.35098430933384,12.422067763970595,1.9907725833495473,0.782586464035558,3815.875740372327
652.718199094903,19.885756334203272,1.8204721432233906,0.7468619706059866,29619.790252609237
748.5844304727691,4.091197878931731,1.43510893723916,0.8907820980480132,4861.477893729547
587.535077446188,20.077513833488045,1.3540660417734243,0.8797906348418313,17896.49905939142
962.5508229897965,29.98299804734933,1.430990719736876,0.7538068030867723,51446.27745413391
381.121873728467,2.398149126956125,0.8019681617336498,0.911541743671169,798.2967830663214
292.8549654190421,29.3380513424182,1.092706614896478,0.8365515975200969,10941.792116200695
869.9131369075657,12.800330860963248,0.559189299336349,0.9003281774809458,6837.815994728306
231.3598801342581,26.251850059780516,1.21331905623024,0.9512101239310452,7720.446121700276
963.5903140462052,23.68917903768993,1.3145368759364948,0.750918528573077,37488.1920833566
22.03292994291818,17.443471568613365,0.8416246041548143,0.705743460399051,403.21511269554264
970.1800384405626,22.41502706828847,1.9460432707482707,0.933730775918736,45118.02351259472
52.728312831070355,26.47695127773909,1.864181916405863,0.8829092275457848,2913.256099713277
892.2316825610903,12.720069327879957,1.5832148531838588,0.9098918708866365,19581.04634629149
532.4240979954369,10.483961685333922,1.3000799431480439,0.9514464924965927,7606.924143460205
993.0351481581073,20.360208181343957,1.8049537394715274,0.9408432804473501,38659.54556624366
83.05859908804487,24.4275323162965,0.6959785157351943,0.9882760440786473,1432.853025458587
558.3157415573075,23.106268908521855,1.6857646914123274,0.8607805236556354,24777.69028237716
969.609510262908,24.1365958169004,0.6872312209502724,0.8465486897979716,18547.937989195503
527.8668657284474,13.631916129575057,1.6913159938241082,0.8205661599672189,14357.922246051756
633.1046517539099,24.71719226907563,0.9136513523770354,0.7461073128532614,17926.088479847964
698.791202094771,4.4860626057476445,1.8156358715272833,0.8717821698646067,6426.04826535621
459.9956541200955,16.790183840864636,1.9160631407380968,0.7831037572977936,18003.323617591777
631.2824992832228,1.1670011544455257,0.7231939541076735,0.9763922536638927,543.534442192219
588.4711688038692,10.412989067107839,1.1940134075980904,0.8749572412831292,8221.597621542463
902.1464303860791,11.627384511270538,1.9714810672440277,0.8778520541524331,23205.730677662083
54.99191653804329,12.489008056668407,1.22511115395972,0.8064773982631029,996.1194174244266
288.15355769630804,21.168548994006002,1.7953212837718178,0.7155968055933122,14054.47151836698
950.9073692357931,12.268184936840026,1.3830972831969799,0.7095231296118966,20824.54050108878
891.3611460520071,14.01211505605339,1.0629948618794027,0.8270005432459593,15575.63253728949
461.1001852578558,7.888779795355497,0.9286753332888054,0.7253696134291713,4313.623331346304
623.9312718235213,11.824301957250862,0.8048346366291309,0.8820540866620417,6633.72646657484
284.60737115132133,7.590819190631393,1.6426972870665457,0.9642919016918972,3679.692883549217
196.2399481265237,3.1226817892848655,1.0798107602345417,0.9648744449556166,690.4531848873894
469.0614208905823,18.50000920805996,1.2669131933011268,0.8977136230396697,12122.782855805286
359.8187057457923,20.378171158095473,1.2384882200017728,0.7633695494418793,11221.769393889339
587.8195507323634,18.965220034278822,1.3659185438496968,0.9588990494076617,15854.789191849073
86.957290595335,14.441327270216599,1.7983657184368282,0.9658280305939624,2339.162997515221
974.6508595895049,12.013787625197665,1.971109015375144,0.7589960754858875,28642.69696076545
986.3486370348069,26.036675837582933,1.1113763128607255,0.9212278257312032,30768.934445756156
701.1800968795477,16.053371768950324,1.7412783831594547,0.7859558646781368,23797.307215777142
540.7354026806792,14.896274451262197,1.6467916919820764,0.9407920937058789,14072.32027677112
316.4323401234645,1.743619908386635,1.3602934271833598,0.9991713699710808,747.5467198214627
815.6570695098792,10.896187001158534,1.9340707154178998,0.7090078015988178,22183.782906705193
687.8838608283405,12.025672944789855,0.8007117732926041,0.9692097597372795,6831.379877925587
170.9907699514424,12.565860646010114,0.6638963154644322,0.8867891600795974,1591.0948738391724
911.8179126489041,17.824998707592638,1.780942950433133,0.9920147857494463,29189.005333579942
824.3118704939372,16.474473855079474,1.1587247249506225,0.8395028552579282,18248.54330871703
950.3019141590048,18.629247691009894,1.7704532813105907,0.9542163791714121,32785.37243574344
728.4623133044764,23.18161458472172,1.8396353077931225,0.7187182205794831,39809.94442633386
617.281043976432,24.57658642276671,0.5936863904286072,0.8005837150234887,10801.259147752316
424.0606059277127,21.82556921056834,1.825197144479091,0.720104961325363,21624.47986730384
933.4011985204731,28.710187182693105,1.1724785830541333,0.9926029400437212,31662.937297539727
867.4032506054043,1.5287448976144873,1.2656487335063482,0.9450921721815511,1779.1735759191429
54.76648340512752,6.677561584822837,1.4398887666398155,0.9557642263737911,538.4401138028545
36.103304752279485,1.2193233743661214,1.88957391009513,0.9813895694301682,92.93170928632452
382.6987332092691,19.776766710483486,0.5286741416446461,0.7255310458359355,5098.877167944727
812.4477974740146,27.04288591954962,1.2152652024767256,0.815679277754,31622.696579971893
987.403368021795,8.06098660071268,1.531583063645841,0.7213104667132006,15588.662765643365
158.9127221924929,27.884001799092893,1.5840604365473427,0.7632379304650085,8679.53590060786
598.1894081986138,2.7477543183972646,1.5387986473056618,0.7688097331113016,3125.9527773887175
387.0819480647113,28.098644777359915,0.7016526941121828,0.8407321633142736,8846.127143258569
970.2152538364571,11.197057929949398,0.9490933825575218,0.7805686502360928,12561.787433828566
843.6977339043516,3.941204025027279,1.0380732881255201,0.7302934320453283,4378.819584128144
839.9454176640264,15.090281016403443,1.7066558115192576,0.7502473267282322,27036.291251885374
474.00622819702056,8.44652046389473,0.9181398086218295,0.7441826690656272,4628.625654589206
420.6713073142885,9.261314156895763,0.8160574458008047,0.9919230393736895,3211.0449276671025
280.6730012113992,9.91140898286231,1.9361720285571442,0.9277877520755421,5766.611036807008
65.81174168441785,24.28775103714724,0.5132949276702033,0.9903284395808686,853.2474984295914
866.0751524925026,16.63567702358238,1.9967312835229674,0.8319221459523726,33606.37657714123
814.7719990387768,10.027923275524106,1.5152319482860934,0.783510544498797,15073.086585491743
999.7204965532693,18.699679716016632,1.7427039491736755,0.939487959162756,34548.795644719256
996.6704687031663,21.768369552472613,0.9419290945192897,0.797876175412344,24571.925305816
559.8773885466012,8.906096021272479,0.52147291650059,0.7898150121116044,3155.1561291126986
771.2975410287054,12.992923944235194,1.606804277842295,0.7697517976623494,19822.185866038177
945.3180725836038,4.534696706771479,1.7512168955010137,0.7389036934672706,9477.617750365223
851.1509167706373,6.253331136505729,1.6107141979302786,0.7769389183050297,10494.113016061094
254.87462072576568,20.7524177649845,0.7142754309512579,0.8065959245421663,4505.519892031011
456.0386939569926,6.261712083173181,1.6301418833854537,0.9021982624437191,5104.555611304138
137.86782099998004,16.229738126344746,1.6533841731614616,0.7187694526658355,4743.294893468709
954.5105169861351,21.56234158995055,1.4878107735050823,0.7631520818996028,37883.28475284005
610.1128881063712,4.099430769747571,1.6491738991933793,0.9427070920875029,4358.867595523329
236.3563774484281,17.4520543692382,1.7688821595165982,0.7440765770751312,9174.458938104517
674.9836775617981,8.44032072733955,1.4204061713561877,0.8027935439567564,9702.519281153265
621.9469580533168,28.924879381889813,0.6329070709545186,0.959397676557442,11838.962231743913
364.5810908525121,15.022823754877818,1.2314417145008163,0.7464775933430328,8446.203720526333
122.42201627763274,24.373783943479584,0.6164740020074075,0.7248210506854569,2344.274203193573
674.8574636368716,16.95656972253159,1.1113145465486463,0.8453613985240032,14686.695795504866
525.1046238947554,2.2589634527897555,1.1106597336884414,0.7907258533835608,1587.9196432854128
774.5952078182829,19.361389892226647,0.5990147662103624,0.8690225093451562,10173.73534372265
524.9618661008734,28.590696923993054,1.023230800954219,0.9411414671450425,16265.869496350804
853.6596853153547,18.446742784243604,0.6664971481869723,0.741144546445823,13212.700526581064
556.3877703867407,24.756476923376916,1.7123528150138332,0.8742097253662855,26538.858888149523
565.3285918200324,26.641987437103825,1.921532038946706,0.8516526281169592,33221.29068148819
877.8870666317616,7.614313386519042,0.6084747128869079,0.7432236358039598,5114.563994060846
409.44803755027306,7.149300357338573,1.9326728109375522,0.8871995456586947,6274.286243615385
142.67507616613432,18.71844867667876,1.2838648990051178,0.7820921253582315,4186.042141753124
38.494849550205586,12.919825624394436,0.9493485169308109,0.8463502955632037,543.1203916715698
757.5858831168828,25.35597778313489,0.6152931129142453,0.7246816972831185,15105.888488309858
624.10645583993,27.100670578542324,1.2509364021056268,0.8378752171640869,24611.27738554644
707.0389704182313,11.249219999778825,1.691773316736123,0.791939040412846,16253.552640324546
220.83451989382164,7.86924621025998,1.5606297159000473,0.9467143633556063,2855.5149045828553
145.00776083090207,23.635239942071994,0.5753390171959607,0.7170936180992105,2539.6618372624744
24.399219011203108,8.969375030895947,0.6093527530518552,0.825582182475499,173.64534236147495
357.081683218531,24.855815236896674,1.1043099239489558,0.8375294272394314,11377.418036288736
594.0185099860868,13.288409355814123,0.9429357410719149,0.9175018228897356,8039.3010620955465
398.321604648735,20.358947079452644,0.8485764845840718,0.8722862725270633,7754.089038535449
443.1001728034918,3.7705241012053774,0.9215067483630703,0.9001637011582543,1699.1129541242472
905.117107548811,19.091920415620617,1.7052241149453269,0.9331147856955269,31442.87038819994
354.77291235306734,14.101262683379645,1.893842080447781,0.9586608920974566,9876.77236058288
518.8495942682127,18.01164543208875,1.1076540417913496,0.7941626490167412,12470.105369291525
785.8164826137316,5.872412024601039,1.8591665031987457,0.8614068116091709,9745.262980724074
402.57735449805745,22.36933860338128,0.9822435518718229,0.9520324235317599,9278.362072164982
625.8658332255948,26.021115248753627,1.2146554795156874,0.996835339289517,19835.867433516392
863.7400716592778,7.2854542026324935,0.8390434967239996,0.966855793313129,5434.694117708347
950.0254174210656,3.77572211008469,1.460714063263766,0.811440178787313,6229.06201502687
155.60274611974756,1.6855189953437555,1.9684716727622134,0.7585499551655951,648.8598773635023
927.3217489098795,19.617173512854713,1.4052396440650678,0.8468177612219766,29477.947098258068
497.1951301487428,18.605727046574643,1.0367211261703233,0.9224924355508126,10329.120057224352
265.6619444159688,16.85422496870803,1.4717261689857926,0.8477707212259893,7591.242952918949
464.5443986758787,7.726465787363287,0.6843810176980814,0.8449542589941006,2833.59413334813
980.2322495326223,12.336273881259926,1.832988620398098,0.9514691263245402,23227.475118036826
497.6919130529409,18.239813720399017,1.2546259261697545,0.8084211337201559,13564.046369417498
335.46409418463315,15.406238906915911,1.1740246130594632,0.9579384024434936,6328.0684128517805
637.0668457735585,29.64578008623173,1.3787971826802787,0.8220414402855171,30677.77287309332
247.74416259041115,4.95675282414526,1.4371757941841037,0.7984699317035018,2122.2145505117087
85.10469482757728,21.15919206738022,0.6076637093397695,0.8361969733599097,1263.5380552100653
137.59092469154274,12.725244275024473,1.5239258318351037,0.9287340876024606,2856.5456805919744
136.7653805681947,13.417788832842827,0.8628975204732944,0.7378006083591983,1976.9141906227235
160.3836665771714,21.81033520408711,1.5709289487598848,0.7589257647616052,6821.665515076905
147.43890092291605,21.08064838840672,1.7338021915762951,0.9854334476989276,5481.629271449563
644.4659973551825,29.74642381736346,1.7059377613287805,0.7526474882144072,40778.40078225425
190.06128355515338,4.723434394169631,1.3287514511118337,0.8703181953793163,1341.7110245640422
352.21061049062456,4.019179832140823,1.2802548384661268,0.8737943399985814,2044.3427655938713
897.8205258069518,22.005825696733492,0.7143139420091176,0.8468873386150735,16286.294396755902
479.2220238602436,17.773220593185865,1.6630192256047034,0.8934235745730456,15669.58060300661
670.8821611358169,8.95065933023437,0.9071140706700715,0.7689480177392854,6698.707199586148
180.59667248961352,3.3031617006806115,1.2450431342269197,0.8657986803330244,822.7025565242357
200.36612862058408,3.4840892382964856,0.9264111393912751,0.8116519765740691,769.5646797711872
50.459930103814074,26.931535365259432,0.7007425444995397,0.8985001778887567,1069.360828001841
177.2457124414429,6.564152416843545,1.444336545337605,0.7423670630119448,2116.149228913039
285.80443564163903,10.377775301350102,0.5814980522343558,0.8712632250518428,1946.5450674958543
185.24037943397934,7.573035664582653,1.6229678511893,0.7555811066149971,2836.4530774429477
97.81550841948506,11.294892869126182,0.976380192891675,0.7835929189345109,1312.051915092382
129.4295123895948,3.0132914396367076,0.5002020395067279,0.7656129400970749,232.67805624742795
466.1709803523985,16.05273393633984,1.2666937088558448,0.7548513339606451,11811.087576007125
214.2703812217346,2.9607643441742324,0.5702778627914047,0.9477132854682001,382.9608657890571
370.62716243759473,24.210338726848484,0.9142543367313491,0.7857122702982671,9961.722158933542
508.3830981463083,7.777650375402557,1.5604647311835742,0.9781371345593348,6295.2609117680295
693.4908803430717,16.660345523530808,0.5940344324327989,0.9909779576035573,6938.31019654659
48.91901844268795,26.522293539282288,1.7590077385340035,0.8713781409811292,2582.4048010210813
801.4162949199522,19.87544370236863,0.5057298839878747,0.7429003367997179,10121.063161223023
631.6213855959987,16.455775809988722,0.8702358038028534,0.8123644730138744,10752.26974957512
90.94144162938319,10.405678840345892,1.6113560842281072,0.9393196790044642,1612.390208385075
874.8428378657095,10.65705547868774,0.9744052245939602,0.8102172186091211,10800.907037412926
921.663676526495,20.415121700747513,0.6528385820990203,0.7261051654908366,15640.583023414505
70.46718025631512,29.830041475413857,1.0403508782006419,0.8670354732784564,2459.921882585864
284.10887166573167,20.19333650563198,0.9055899295767883,0.9535362554488105,5441.581667525466
808.1392669951307,17.17571910373072,1.7640678532408325,0.9387779161430507,25966.687474081005
750.7770934798218,22.188864796938137,0.9700218763777146,0.7525369420391059,20146.081266258792
192.67580916281355,14.490962756227827,1.683398707664011,0.9018293843237399,5140.807209848546
217.2558301033432,2.744127935422771,1.837808217216102,0.7661512790306941,1351.0185430044808
376.76738176346817,17.306607660459385,1.1507261293647943,0.7654622603656517,9261.708527800074
489.6777553391111,28.771133250656025,1.864914715781588,0.9622215319915555,27263.33232135055
622.072223814993,6.083785328372129,1.0659770809447893,0.7749006858220691,4931.928295600745
375.2245031740747,21.010141833799306,1.9461176247351624,0.7789742039554033,18721.569568064842
467.90936897181643,6.827076971112637,0.6339342867883594,0.7001960172283899,2636.842247524106
749.9962287524189,16.539002849719356,1.530528899754864,0.9612007102376553,19716.0687810446
46.31637086169192,3.8036170397548688,1.240721060685393,0.9377784439627403,235.34131908060607
259.9125749005806,14.060757151487369,1.0814732081834706,0.8881986805272034,4385.338705216692
716.2160900257069,22.928736537962138,1.4490678181229013,0.9250797291816526,25581.140448327278
896.2547693103273,11.07957420293048,1.5557856374514967,0.7456145702273475,19392.208866599707
516.5606676945094,20.282440010129324,0.5065449044754636,0.8374970783762726,6175.412377793995
536.7923504126625,24.068048862902145,0.750429633120798,0.8053658162046342,11578.104016116306
116.10029122637829,27.888156764904128,1.569569075951478,0.7281329578771049,6466.183821958431
452.9382431552201,7.804620373808152,1.4995781203673098,0.8458391455644771,6115.829136032079
537.2910937904729,12.580161558469936,1.9490712576930158,0.9762218951027906,13487.515350848862
250.04579859838236,5.420064386582106,1.6415566853761745,0.7120177357152083,2862.1736969486187
276.55079863988715,29.78202156259288,1.926159061597007,0.7874382740481382,19234.814029463534
383.5113214735764,27.883028069804563,1.5538107523022104,0.762262280861711,20567.88614613082
29.870485799949105,16.65875677813623,0.9470783129591647,0.7714439960997088,569.0492950689385
328.8583739273465,25.418965536916218,0.6580473833762848,0.9725303655638126,5641.721305995664
219.3335269265792,16.107781340889225,1.6727357950174033,0.840420716270287,6838.922292866145
334.2223786561355,19.08398495208003,1.4662238322138739,0.8398898238819457,10833.356833076075
128.5645105010587,3.584608531364482,0.5722790185899443,0.9281726927365846,270.50742904602424
891.622007932496,22.90284219440743,1.0400756988514674,0.7463476612014777,26627.98070092907
597.6565290185082,4.70369102542181,1.9351997232264293,0.8461796062300152,6268.105799689967
682.3112959530447,24.955961277323322,1.2506017185653018,0.8289955642363179,24941.574610890795
791.2795262212649,23.67881454244119,1.149093704029557,0.8790732071639968,24133.973237306203
503.4577769397667,21.553596234546315,1.186549407738941,0.9998673109751316,12857.657430803467
96.05108520654946,2.0486510352181013,0.8133240860077455,0.9308346682246141,177.66108522201162
541.7354764003622,9.79072232241453,1.0530607562971928,0.8193597109052282,6602.4738461882835
590.9727068406703,8.630264527414443,1.054719883980765,0.9482659156822141,5647.692311244991
747.9850794424867,11.443955816674054,0.5785325302812085,0.751212508993744,6188.429034039519
437.3429507673826,3.5416396561513177,1.6513514427768774,0.709139105892688,3293.194677991233
136.30449976760812,28.17177686790082,1.1247566478558184,0.7613345117392819,5350.770457991156
290.93814674073724,17.06026498065891,1.733269830224635,0.8021234668342778,10292.750784417944
369.45147343464873,9.860205009082684,1.775522001679843,0.853174227237868,7399.727695365631
649.4580689182852,12.512463995154219,0.8179910820479871,0.88453874216236,7410.930447915062
575.0705216222227,13.968873674640234,1.486030223255193,0.9731817151643265,12256.314359985226
362.5357586388678,18.417235667457902,1.2084227062444726,0.8529562028651373,9250.97524703571
986.6500963050499,15.954703403198435,1.8202351068822276,0.8503826933877188,32928.84857423216
609.7170711633182,27.6623672232181,0.8236110187646812,0.7150729029468946,17845.18363858199
244.85452381863453,15.411941004269078,1.5167198004650664,0.7104734657968671,7383.453387334555
110.7646478941997,29.772582429876067,1.4116281833790838,0.8653479885749116,5281.578904684886
161.33054779248872,25.691323774607778,0.9429522163577492,0.8314535839745033,4568.906326122076
253.49815110066305,7.046804916362738,0.7049013554767589,0.9517541184940896,1313.252114945532
169.07455952696012,27.98726122467357,1.4774596407159148,0.7482038754135535,8763.325952660056
194.7013538107927,4.374625538678806,1.607896187198496,0.7074914986351148,1758.352397082164
292.2442170069086,24.706041546244556,0.973441015645025,0.8347116303790377,8195.031084906637
181.63985934180727,12.038075510820823,1.4672489060334706,0.7712435670256772,3954.011335136952
897.797770380161,26.461255292907016,1.092696361417255,0.7148843120016511,33365.16592521863
89.43140820502579,26.17364401311606,1.5698103249239266,0.9173794860542887,3976.0930569255634
529.2662756745522,24.371836603411012,0.7988229123410797,0.7334778999871742,13045.175390110786
416.2928587197649,23.91088265290478,1.8353225039542616,0.8824958500023314,20425.676724311506
982.5548307395203,9.835695033843184,0.9311143946983695,0.7843149250500667,10924.980647717466
120.91851314637182,3.3466592084863134,1.0516789816342293,0.7520488151065066,521.4094936952082
403.8770430552842,12.686425184189682,0.5871379281205247,0.8139254568757952,3564.1534555857
969.7757289426152,6.032210934608751,0.6672683184819146,0.9404337328668861,4148.337765749026
866.8520546350404,21.15358157817139,1.2737928540684922,0.8176280730713718,27621.135377506358
818.9013502397871,11.03689206959578,0.9013890150919572,0.9252308947633168,8746.320852712843
265.32379877449046,29.29269582493753,1.7532203386132916,0.7376458890397452,17197.879162466794
179.17871151616515,19.58819024301463,0.5220400829824308,0.9318314258995237,1951.007927276019
671.9567877251867,24.851936345396467,1.0686410730079043,0.7710799974719945,21923.832333441507
930.0822292363099,4.8432155095136045,1.006018320153639,0.9032179389666618,4980.074773684231
561.1952640837904,25.998419985906054,0.5289914463764016,0.8697344664522989,8709.768934319793
575.8965625752008,27.759958524888436,0.6865525985007653,0.9787434151635062,11225.219827825906
287.1793027236813,15.124795645749142,1.120464012377953,0.8161967553925942,5769.576992883488
771.7980038600175,18.581335194778347,1.2392968766711698,0.7198495566503321,22762.770094644628
195.17331107194815,23.17948422618687,1.1064346208823037,0.7057466456653758,6473.792897130632
330.4424440402012,6.070320190551964,1.2964065176181407,0.948057568291826,2734.0250638744133
431.1820742302526,15.57441621743983,1.3926975123585223,0.8574206912984297,10671.67978117104
512.5342748976104,12.56122780539708,0.5148857316917534,0.9325732155504848,3533.1291951716694
249.98563509092943,5.244845772705224,1.1961427391802557,0.7703276800034544,1933.4389372019307
123.68845649181151,11.658498246454412,1.9452488613313825,0.8035251236539701,3369.1815125450566
614.5138420172162,2.9769969721793137,1.2785484201943231,0.7090311616633956,3008.483831928471
295.7442477078532,1.7485453015351227,1.5163134011884298,0.9884476973722336,789.5226689238086
585.4258392083862,4.91982238548986,0.9677957868753249,0.900360372010244,3063.663038678386
162.81908812146028,28.93033823608604,1.6609870672291438,0.9799615263277919,7966.754003175487
486.3287008362693,16.936356540955494,1.6593822228141726,0.7796489222287216,16685.339853558784
537.26353822607,29.00884267344338,1.2819440714812085,0.8834390833676983,22301.203646896996
61.30530145420264,13.542438471573828,1.9640207349188203,0.9035499904877913,1785.8908630834217
343.23823541198135,10.042667859472527,0.68832532214398,0.7952649100772765,2853.926997946339
143.0705301695845,15.67811402236708,0.5254214973343715,0.954432770504689,1224.3707422927355
72.74122076804007,13.745838970354393,1.655237317635644,0.9841484388700743,1681.2184997630768
990.0606300660457,4.064275843590574,1.7107333060473238,0.9654565353088014,7119.418361793712
329.13030652497577,19.58396312601598,0.6803108436808644,0.9217200927818118,4724.60688883738
811.7757013960885,7.265107292778389,0.8983742494379091,0.7832394039174861,6439.460679399089
262.0942482161262,18.968050692037057,0.5263285450499433,0.7844848126316895,3183.7106683828174
684.68769500169,19.855831679546448,0.939962916170847,0.9890080961338114,12935.836770109865
762.6255812907897,5.408720740730795,1.6597128108780073,0.7030853487807076,8880.117038673614
599.6823532017659,2.7791391862093766,1.2769407915688684,0.9148149919726434,2319.3981470986146
476.8604266646568,23.642085995984754,1.0221433897524321,0.9118738487665786,12525.24923541201
417.7225050057958,14.334212289310285,1.0576089423594954,0.8868068622849392,7051.06179809877
355.3795838775653,2.686750069658798,0.5020304385732022,0.9970326538260597,469.79546092681886
930.2338528053476,29.851123197923247,0.9497007913478539,0.7935638307291175,31801.11264965174
832.3132137098519,2.6756362688946327,1.4696881124568957,0.8019915591379744,3913.625073101479
965.3766415598475,21.156021636898043,1.9612916657245356,0.7236818208839666,51136.75486908685
133.05425125068928,29.526688832638996,1.7705912404758493,0.8328394409631212,8128.310893656449
733.5588004516078,7.936223022261843,0.5353924469682937,0.7783145578704544,3810.2853264786336
938.9570522528275,5.125231691928689,1.847840907012259,0.8030160106532932,10628.851512481511
189.42073550400355,4.520163243250438,1.6747976199479389,0.9503715370766883,1503.18646268216
75.83130469310971,9.794979279460271,1.6705641853564706,0.9806453540582487,1267.8713624398652
743.7094427971584,3.930328519308754,1.1869936385053572,0.7557199216015557,4318.920762267189
578.7283820481127,21.072678909129824,1.0970079394317542,0.8117526794660397,15878.41460341094
843.4104889906894,2.806462145771818,0.954373593249789,0.9785891686346182,2298.4658544457834
148.3746528600266,15.773241716343902,0.5985422884315487,0.7185425382067667,1794.42227741759
797.3146387412913,29.904208761736328,0.8423530452405487,0.7277081584334135,25558.424766043896
209.6110468472671,24.605137815674546,0.8699054524670369,0.7488372967618687,5591.4364111682435
172.01938343704745,18.841363708699316,1.2261156045653023,0.8785638502380624,4454.897028123989
172.62313995168302,9.881355002811738,1.621166609895041,0.7451416813017993,3471.497474692877
816.4289730290683,19.092979252457514,1.2107147425969198,0.9904229144352201,19061.937340105407
668.5452484892381,16.2842024534379,0.5867666741707409,0.8340143581775561,7455.207673353246
527.8347705214281,13.356418132820773,1.9366847014823059,0.8504553881050498,15701.238935214002
365.24217928226744,4.790600925465785,1.9140864786411684,0.773997584741622,4098.046501474526
878.4285354049772,26.711522241973537,1.6777843147226126,0.84128807573042,45596.86534941851
398.52065634840903,14.043754815818353,1.9869918523463308,0.8985740897911034,12244.641223822531
818.4334450768613,6.6440528428021866,1.3167234992003944,0.9253531410862128,7704.452577555845
444.74355948451625,11.6650211754414,1.944152525379809,0.9261604248129739,10844.844326493178
383.1749851306585,13.009762823338884,0.6134075609251262,0.8733673338082265,3452.1750289372476
468.0529878129104,24.998598971439353,1.048521122392057,0.9713079324981572,12624.697656385393
308.36409542250067,22.27481703628066,0.8380719020101488,0.9452223541918328,6075.634005333566
750.1332863744886,23.309841915598856,0.793749626201405,0.9271144344095876,14885.124671465343
507.6931861915544,1.3199066684307692,0.7112044233390141,0.7166816565041382,610.3077510576087
239.89056819534912,13.068465947213085,1.433620462348995,0.7020633886658948,5850.140398546166
900.5788275418228,14.958980397424385,1.6719827836209575,0.7637341831586418,27836.867378859806
390.0523091594793,1.556576027868644,1.367447599130541,0.8990570781740357,930.195125153003
548.1173325028487,8.534583053605992,0.7204440643823145,0.8233592466647637,3962.2983840035054
907.4073898549015,23.048404870541916,1.7166856549002063,0.8207218777897936,42353.19115073604
627.9956159548522,4.9761814661409725,1.4539320607455928,0.9653760664688842,4686.814990179712
125.72906030128043,16.523993812125156,1.0822485591904933,0.9686688544395516,2324.726057299475
940.4338023773404,7.240854288499888,1.5111954433040944,0.9727525792160757,10563.575362502144
631.4309725407037,1.351502464672905,0.8898574688642493,0.7941634229545081,901.5439797347417
341.5565585105153,7.994842270386703,1.0177883127413159,0.9073167438217785,3039.0418822405927
147.87935193675338,29.30033889239156,1.8762287646979854,0.7814899543823108,9916.020869444073
796.0849373775931,24.244576244606698,0.9357567585071306,0.7571829499223349,22437.820433830566
623.8720283692284,28.82772268530997,1.204982402236905,0.7553897372042108,26957.430984166855
538.1264810565583,15.147767273864511,1.835211706094022,0.8026322862590782,17911.189689474668
894.9536572204481,4.182349761647602,1.5615820254012913,0.8289872859339464,6843.713592406241
790.7112391122854,16.890825180237094,0.5933048392470541,0.9492847513165206,8331.39305406125
160.15813093542366,14.176942702238865,0.7209545664184556,0.7359673280418136,2078.673565394798
318.6048471175927,25.48635539944886,0.5117623861578753,0.9204777542184682,4485.414145998258
256.00424841632105,3.844394842743093,1.4463826853437451,0.8594364742567916,1642.1505813070573
746.5068296469502,15.158992973631568,1.1715101381156274,0.7863836028027977,16091.33763801597
43.197110388421585,5.3514112761255435,0.7014122763534133,0.8478458753598473,183.34868014293858
574.1907880226033,10.415601879811739,1.9369011815851556,0.7899826209331068,14000.386994850722
764.8340988832837,22.38335524424619,1.2944895859184298,0.8788245865714918,24843.83537327231
877.997980394132,14.804525751694229,0.8628399411693337,0.8301531768565732,13117.041620492071
348.6609312287484,11.90076026922731,1.2509053567320614,0.7493216587236636,6501.148075180547
823.0447316252927,12.439812078531023,1.5194304991026617,0.734974922366709,19684.268644938827
119.52541958565516,14.323956283773612,0.6143588269603467,0.864008704621639,1183.0755180572123
847.987768817173,23.76547977127465,0.912055722571838,0.970723909985831,18920.341547351818
136.21377570866258,26.870455979266797,1.7104482363259903,0.8031873059673056,7499.309136798757
403.3144176547636,28.70470590861392,1.189497305603992,0.919900032166787,14889.160023842838
799.3224121217581,23.820198201403556,1.3198657130484424,0.89759840648193,27712.52176587021
158.41825307528603,10.14679997669237,1.1492240033142038,0.9794664742928443,1892.846895126728
236.95888128031507,20.95590647650972,0.5658499139645077,0.9462943051897422,2961.3391739944054
725.0300427091356,13.690490597606367,0.7486246697302339,0.8699815776716389,8400.893153325705
722.8361711806136,8.385448039335484,1.1683124581128363,0.8971091494702321,7822.614758912981
644.7361565564444,25.385275803351757,0.8137781981118917,0.9695159399752105,13711.637080676173
697.008960022429,2.114364119907425,0.5749685429895182,0.8198556353760804,996.4995347049177
547.2971989141203,27.151097771927283,1.7654744960777355,0.7980384117573331,31525.08301542283
259.28106831788324,14.38284647411729,1.9717887937461738,0.7032433250905589,9539.09541734979
352.23903356888025,19.478842827440133,1.6897143109951092,0.9479653222574392,12209.04800930794
189.7817396334114,20.1212637439677,1.7806773825570006,0.9402942101210094,7199.797450606048
909.366055720292,26.958414480489555,0.862965695475568,0.7313363554300454,26815.516062540806
587.5578768184592,19.463420782849013,1.9409404632697997,0.8730572143398101,25009.921611328733
406.8429025960035,18.80407395804179,0.7953885566801426,0.8391945094500661,7072.594683765755
467.3857456076914,2.932909176260009,1.9271447155427484,0.7356127286527334,3345.5459141333145
947.8105062156972,16.03383263641092,1.9922289409489267,0.9941704681182171,30456.749611113893
161.8178890849194,5.354901023694208,1.5675842086190732,0.7644087662390066,1675.5544916227022
590.3675336966293,22.385579292923083,1.9717155976877327,0.7201702540271683,33336.55216132304
510.8297920956213,15.85443570356756,1.3543096693506556,0.8784542138505729,12306.76406729539
615.3396930803013,20.726605597042244,0.8893126747641356,0.9216600031399098,12222.413401031228
27.929081982632102,2.208514117469144,1.1554938284984313,0.7097330338141561,113.80204443233137
873.40266985471,3.4589684653282933,1.3903414030681789,0.8976152916181066,4636.075693911898
932.7970996587762,21.773378253817786,0.6096223430405225,0.8596875627854363,14112.992055838438
569.4818517533168,3.090445743961528,1.433514896925869,0.7309795026625144,3195.521445429799
699.6843156381233,3.0664451051924995,1.9717667551434417,0.7517571630839086,5279.776151272259
923.2743873655228,1.351145781811736,0.7851614746755915,0.8703922891948241,1104.0239880334793
710.1662479702646,28.738540550684924,1.688892674432575,0.7889072840539865,41756.14101072404
161.01365248511874,22.387742424311202,1.861848190669429,0.9814947185953948,6837.525777858888
580.525476565145,11.24429084655986,1.9155523892303312,0.9456220688452153,13176.577473894018
610.6478959190273,9.599531857342,1.9402034066081708,0.9950701619540989,11448.317332961078
429.8893645893622,11.141393662629637,1.282189458082208,0.7779012516851241,7505.562639600082
739.0797932684756,23.464952404254273,1.9659618619872554,0.9909170898393931,34412.005821399
935.0233446213247,20.179747721042016,1.6359653107016583,0.8293701609374673,36129.23458101103
926.3128277777085,6.37067146815657,0.7425071543554429,0.8042556385941264,5243.034969781706
456.3309776900908,6.049170724688446,1.215350159701955,0.7151048580908059,4313.782347159644
122.1056653823477,3.853473841688522,1.577496763058006,0.7158295773578808,934.2932699779553
984.9927869727112,20.148778871338806,0.8710104737286251,0.9076033767839964,18903.783826368293
840.5091055814747,23.16680720443034,1.460922775323331,0.8373786983302083,33085.94846647009
133.41605439123418,8.686346421425117,1.499900718569929,0.7679564878108317,2137.605557942714
921.6334637911986,1.6074038698964714,0.7440496157128489,0.8841910918975697,1218.89192782628
871.197398441507,3.382978356816393,1.3476279686791344,0.7758574354750333,4865.507516175188
523.6496765548114,29.067941010505884,1.6574403664679116,0.8732895263033268,28426.18635637035
595.3626813874799,9.567898546845187,1.2483434968039129,0.807762624094807,8481.58780237742
405.01267683142896,23.307471287305876,0.5181546751641611,0.9470656679835457,5152.120371638703
64.21402243381101,19.11524349677365,0.5135577036189383,0.9462088482300338,669.345972144013
341.8452692294419,12.076249549933982,1.0355440159550182,0.8432051194367204,4959.703958581781
804.8249141120314,6.964930603671098,1.889291102647673,0.8052457328005047,12658.744170955722
14.58570277455683,4.520206126622787,0.8430151694054131,0.8087679389677284,55.712495854046054
340.16417997423275,18.835376073127133,1.4515455333075307,0.9417143577004654,9855.92211006166
404.1870066550339,23.464379638495853,0.8331138060399809,0.7984538448392836,9510.121676349825
542.0216469085436,19.67322335269279,0.982504984489323,0.7627178121120538,12994.22674716216
920.6570602486329,16.37876186422559,1.772063134402226,0.725406502562592,34047.60454673919
352.88253442230166,2.2165854795174518,1.5932921634049202,0.8400079362653226,1448.0852289333775
353.4836698772654,29.08617455023713,0.6430989159698159,0.8446396296759525,7618.4375048856145
740.1262356286509,24.162711557982664,1.1430530314796505,0.9522726131208721,21422.901747860426
457.6957614809091,9.491839064327978,0.5437546454678968,0.7663716089338192,2908.6860495776978
232.35877471058214,29.41913955140667,1.2213352199045135,0.8142973821005199,9918.425459345008
457.9151209713665,18.45456609945334,1.4936510175516022,0.9425217216681072,13340.045461011547
149.44845017600187,17.89025708801015,0.6777539353972273,0.947087083224692,1891.0823735265367
184.62311664116106,22.69412220345643,0.9333274083637485,0.8153833227936305,4627.743642426691
503.38409501208497,24.54132385461399,1.0967549382532353,0.8377372069860043,15727.737603287007
424.7361950095024,20.037879612613576,1.8792965369840746,0.7909857672547849,19344.896803329306
915.697442057419,4.714776644619801,1.9898825231344461,0.9797664635257937,8744.111771525366
368.76996012546675,10.809757673840453,0.5673669484934238,0.735593129722474,2859.997080012136
584.7824667752631,27.914425569455442,1.641511885243088,0.980124826900441,27307.6145724696
635.9416450403351,7.5138527434717055,1.057586099603515,0.9051599355506029,5529.614723205402
22.9635120224503,11.792843691287887,1.08868727934422,0.8594716458060193,352.6867188317742
666.9019982965435,13.530229605381685,1.631397460020534,0.7097977182353488,18996.221828062015
186.25560720105392,13.742744701139113,1.877639648218113,0.8426788575466024,5553.5953955325185
961.4596142947606,18.77524789234124,1.9263928917538227,0.8223244315008197,40952.832951778626
157.17610047558182,28.34919929459652,1.3656838790574812,0.7483656435925368,7616.671732367711
420.4778824897535,7.980088643142643,1.0356817389507542,0.896922881050197,3838.116845591998
94.49617139785742,4.523539912726624,1.681323628788169,0.9913452722104857,711.2454119591052
996.9055093274878,6.726644205938182,0.8765020748934504,0.8686566433193575,6655.591681627926
507.17306022793014,26.720822106068816,1.3461110432502768,0.9144259829331838,19776.655219240925
599.4311671468433,19.728513567000974,1.0378676922873098,0.720535135769805,15697.475356537641
76.4057126145432,9.291296887935644,1.484946610561814,0.8253000987450984,1233.4573707824957
752.460865695186,24.6624612300899,0.8605983693402603,0.7349075455493487,20210.60113362768
217.8065371646299,25.979729894539645,0.7873894186022387,0.8838387506609531,4973.267503015138
899.0737465463067,25.548915822018063,1.8773586300131555,0.9815446474642464,43905.408240043405
213.08824407718708,27.64886947554708,0.6527055244243054,0.8985333197414915,4225.853274331734
198.7808434570299,8.314989585027487,1.2589368616023975,0.7230409144943264,2659.143525713279
46.18417116961393,22.896215933642072,0.8312791744445134,0.8063998614955248,1048.4198247203055
477.34627565889923,14.35564542095006,0.5583949449885012,0.8651990138322554,4336.48495602408
569.1927219299903,25.417958033811786,0.5540282274371395,0.8209623268399756,9445.795778553515
75.05155303406885,22.126229637686784,0.762832658158741,0.9500932031425517,1336.9478465223171
777.7723405280605,23.516975948492014,1.8001555317590003,0.9444013014129967,34751.867980332056
458.7559464005473,20.028693292751072,0.92371811596554,0.8835493060309664,9474.863363361936
529.1463666343043,6.145434314621499,1.9256887558629436,0.8120373835398116,7460.745777725889
446.3551194688459,16.80578064801121,1.3724334394837903,0.7766009121289732,12580.777172709537
406.7554302665727,29.555422446210738,1.1549212846531491,0.7317622954639388,17590.030833670877
564.0439279951357,28.18425392841645,1.370133252004182,0.8064693050459661,26004.395099509562
163.6878434714054,2.2520383381133384,1.2750475778394017,0.8239517551623159,545.9826407238337
190.1088491903184,5.779629656153677,1.6381643806359878,0.9027468775312221,1971.8155682390636
863.1677648033822,4.8201344301822955,0.9237440989592784,0.897447947289272,4229.643862906924
946.6543075122964,22.053417389573568,1.0295755874004535,0.721032441892377,27488.056346009824
379.5762231169554,24.715774565851408,1.841141453799876,0.8185777946293473,20422.34383950331
278.03722641211823,7.191829623009485,1.9196847697256083,0.7545336601652085,4788.861751061255
647.5595478066256,15.669728095603041,1.8388373412297119,0.7470438115950416,23387.322961173268
414.6468293871154,25.3803878123248,1.1291719909359703,0.9481906449211738,12484.793432220009
35.13249210374141,22.25124479822127,1.6705482545103225,0.7125745650148773,1669.7852337940062
164.59107139252845,16.7248789592636,1.2145035999516482,0.8257548627706364,3897.397116508848
718.8125065589236,18.120083023304414,1.2463097782191532,0.7504610967299554,20275.812338415184
662.3347024910498,15.742455860572118,0.807020163585926,0.9637990647035422,8728.801576264987
36.825032578448656,9.628905088245796,1.3866954548877746,0.8671121539825105,562.2116111598363
229.75244031361996,17.385637792911467,0.779203846630022,0.7694141909130544,3827.9169484109643
238.76404862219067,20.977673759452628,0.9973470486007907,0.850728186149913,5740.879804914409
675.1738161627411,26.326364559963423,1.7825453024299027,0.9194459079109347,34229.94308452593
29.513432376820514,19.452449265398194,0.8106137138162828,0.9874354026758301,473.2751649732976
113.06749616472811,23.07252457425158,0.6067374277601492,0.7661338012736256,1960.656543551332
801.9169245194574,5.642077413682617,0.6035113889192245,0.9658545316388035,2807.651467463831
186.75921543379027,14.385166758173908,1.9111767807546618,0.980291234250247,5238.686840718922
656.218646773356,1.2706169749857055,1.2603806569427518,0.9749261633596198,1086.5832675880372
245.80095323625926,8.153687071127067,1.1141181077255276,0.8906243070585729,2472.971481682999
108.44697883175171,22.06738973827714,1.7163178715118776,0.8889461963304123,4570.540456266997
250.74046908945954,29.76248858913154,1.753738891865774,0.8209631899551468,15458.858817806222
725.0442625371026,3.8761648880292614,0.9982865496734069,0.9257193646911364,3012.9321606904764
857.1395034252229,12.64333515997736,1.5404270862106928,0.8593882055052795,19045.038881389828
831.9176659213217,24.202058092275625,1.6566842237778299,0.9032314213684883,36576.29880517967
403.21169432227026,6.917033404238066,1.4819760302989318,0.8285373711546387,4843.788265706084
671.4042852049397,17.0974635297663,0.7273926122001491,0.9194489392129417,9027.16678491228
212.93445246166277,22.25906758486057,1.8138246252755854,0.9473414552813647,9051.680405590816
300.2162529584031,18.86357805754519,1.3086418291040132,0.7439308769808448,9298.579721859769
897.3724603359086,6.452717303847068,0.9237086395550056,0.9498789146722684,5618.8739709059855
22.871904275628673,11.306152491886444,1.137842278156541,0.8620889595370922,349.4389905307108
94.6534455459234,23.72996175007652,0.5563566355983611,0.9533997727270673,1312.365346094094
215.80739259456703,17.072568909828483,0.6918002018336263,0.8293905119023044,2993.3388466374513
36.26688183508152,1.1516587927444695,1.6483201257737914,0.8137121456149105,79.30046979329201
189.62108073889934,23.068732040814723,0.5000174521330492,0.9745182197551667,2250.468943044363
587.2111453599953,2.024029293266933,1.1248487427234384,0.7753507802645203,1640.049923682522
427.210305086573,22.626279699205732,1.2837652716283827,0.9532636975858428,12979.552628583828
893.7449939662051,6.871936244791885,0.5819516300014584,0.8452061717528212,4130.6567462358535
819.2691261210565,28.784130923462026,1.9596172444584994,0.8542286327653779,52938.00594814272
348.3991781808972,11.67028178776045,0.839187996874508,0.7925404844468452,4113.605646799665
266.82919909697955,10.481016873804293,0.9562980794544214,0.8719126601857047,3018.8757180602174
385.89548408559426,5.317753459640896,0.9559137683825409,0.7975633588828633,2361.705609621199
594.3919930896596,9.862522249216232,0.8456249931760249,0.7117808242724957,6374.101826677591
275.3830044146475,26.422872093017816,0.5022107331294672,0.7815995816033068,4462.929725708627
627.9074187706427,29.893695791190172,1.5940171911319945,0.7019137130219771,38845.05528580124
415.31753566932804,11.680976384698601,1.950268249698928,0.9935064361170569,9515.754989046583
556.5267090434604,14.009708297681735,0.8364402249275675,0.9897241629459242,6573.176196765478
441.7652638439635,21.940057207879374,1.4945707877051335,0.8185465892416914,17112.979780752157
301.5211019464985,26.699677633487163,1.6128444904380728,0.9185112563018938,14037.839946499216
948.9687738925351,18.19828569141674,1.772638068635787,0.8037418295231274,36621.89448430399
765.9697362181632,12.354245247157051,1.1339437955204137,0.9013279471257928,11785.652992228659
148.712044008788,12.966033384610089,0.9543963584606439,0.9416290129137938,1927.6160756227046
869.7832961389337,21.1729262484074,0.9879427010345467,0.9840268734076723,18480.540674862816
492.5568862670185,1.0933296445240819,1.5689319996477693,0.8200636827549016,993.8865332508617
895.6067046251505,18.96809078633538,1.725169199758454,0.9349893948868143,31218.69493036166
801.8567033878421,11.309297302799365,0.772420951634904,0.7797785351896356,8540.242105294406
430.9613694245411,24.031722607035444,1.0564115122366478,0.9970996911380945,10989.502658664136
32.244615236916225,3.6967285548708326,1.852910295123725,0.7077308796293053,266.3020963540093
275.99058579109663,18.057865741503324,1.7100402795421088,0.8810586419503362,9549.289801428245
546.2178725142583,14.948213806697588,1.9772876041437137,0.8978517944953981,17791.407023308708
637.1434376278858,19.627440251251596,1.6313723895231211,0.9064136671222387,22318.98060748335
265.3088085788703,2.880754240006082,1.0897928015418834,0.7361162736367267,1053.508469382254
147.96251333209588,17.819529835415807,1.3859567509919566,0.9815589350419391,3733.028362198688
836.5809344313061,17.283053050826187,1.4915213813709804,0.7543549837150249,26858.983623867938
984.5581588965166,17.259142738068956,0.6176837244756859,0.8868260209719523,11672.966761879996
530.433280479659,18.50114233129719,1.3167454386557975,0.7668028237369254,15949.630137225646
179.96249298982048,20.617570179564506,1.5639812427089144,0.7921649251063813,7007.90714733848
279.5842532541753,24.344680990742322,0.7509819560015906,0.8639375625184373,5809.171089668184
28.206769781992065,8.824800883718215,1.6709475761383357,0.8251580255693729,501.00049523899
915.155818494894,24.9264328952218,1.3756591707711674,0.7480676802929519,39276.50047411384
126.57357206123973,15.449414785640155,1.928332678546392,0.7512809207262544,4714.663113560367
580.751310759111,3.234690094895604,0.5636334473103375,0.8254434364488399,1237.7378698014
281.3146684803339,2.6979769480753966,0.8979892063332005,0.9271848934826502,729.862188666708
558.6362224906355,10.692911242185763,1.402330818949736,0.9693893940543366,8633.889756333794
654.9061844683456,23.76201233623256,0.9448398683088961,0.7252382986778149,18728.447529547866
831.4443856701296,21.522747107486556,1.5716362461068634,0.8179311722678203,33237.16351955049
214.35705904299718,23.869833975499787,1.6385079237828966,0.730073669116863,10660.192231076206
20.88587037189567,16.00080263680667,0.6537739460997116,0.7049777441897793,291.8050643776756
145.5167737681192,13.765770940709226,1.2707816963101517,0.8985156047931869,2803.276027048703
901.018455429624,5.276123274482234,1.2633358333865838,0.8807348325899763,6724.460884857152
875.1511767868901,10.517589854670035,1.0539211553233117,0.7489057341444658,12133.669570559669
601.4389711486052,13.586561619042383,1.8993872938545082,0.7701438499279192,19101.941517021678
604.5116918293169,3.5694124607088997,1.7412594798098318,0.7071123260933555,4855.640983402824
668.3863078007929,7.397746628625127,1.5458140728644552,0.9504841617083211,8024.14466916879
183.6175658372151,18.348533527848424,1.5714899536024962,0.9924071788145654,5346.188031887551
915.2678264657102,22.334230312936505,1.1925742157196786,0.7406378610384072,30693.41807252358
424.5828196431524,29.952077830395538,1.8814917816448637,0.7694425641295894,29459.36945624112
389.3071429670025,28.06028660896317,1.5418931408799281,0.9605228571840803,17493.387075512583
523.7285282300091,19.634390786520555,1.5934715924837246,0.9779391393868555,16763.594289149256
56.496307107304496,13.216193545528087,1.7925363556810179,0.8258882148420431,1567.7351984726693
174.62053506851862,19.44914357653875,0.9111073840132865,0.7151867416807222,3973.1976463799833
740.6532802621067,23.783896924326726,1.7106063558000546,0.7118175501078458,38798.40883556363
91.9706812458752,4.4317495367782325,0.7928609044347381,0.8721849598207031,359.92013104851594
607.1205883717244,12.88724180119236,1.0180129283673318,0.8178685326679537,9405.332214285636
252.89561858450776,25.3542662834329,1.0034156814047641,0.7085957282732963,8302.669006630413
395.4026579015568,12.131155606058277,1.9677882025837108,0.874975717693767,10617.587420780497
295.80679940299285,17.58429586558841,1.7848058356218903,0.7033907609767067,12046.992652642954
362.11598930029965,18.04531146500375,1.5517547923853896,0.9362115874447818,10788.821597204793
721.855446132403,6.349811340875541,1.5905851424230852,0.7919298468110114,8810.728540236056
304.15049846694325,11.504827807916364,1.3431091916038567,0.7120774009027696,6042.031797670925
570.7405938939282,10.700827373516033,1.9206360006627787,0.876505666294946,13169.877303078107
481.2898981771087,1.759704547429879,1.2443881293235424,0.8193053243299164,1262.3298433479442
667.0344537090217,1.701561152849302,1.0707765648048417,0.9921401240071448,1217.53165204455
937.4614419315104,25.11921426659743,0.7445530053973866,0.8632595987511107,19946.97888959056
735.2463762381478,8.91905348921156,1.679308478391587,0.7825717543111025,13404.381265329552
222.79097480484918,16.024284220925647,1.601665898113387,0.9128316593901924,6216.508863740232
40.871303710671825,9.663041634074418,1.0765325577862024,0.7814476007628134,528.7918740427145
269.64140385682686,28.279698108344874,0.537790120938844,0.9712729874222695,4231.3768581094455
599.1271513932522,8.519606007107438,1.758495991577016,0.8124165911522129,10658.56817864335
60.91155534940785,13.460047569429117,0.5171269751811105,0.8649605688328615,477.3494888815581
501.402584729224,26.309177264053453,1.5555496694435764,0.7151719311472686,26364.134743626975
600.8744204277203,25.41607343696245,1.9553856645890857,0.8278363713856692,35006.98996586516
340.9014519087912,6.396941117542042,1.1564919922223051,0.9497090618982985,2657.7391697584094
773.2030817083637,24.276655984075603,0.8524601074939291,0.9416946416090026,16934.352074545015
115.53227060243408,14.287419715398887,1.5573065150650724,0.7672955676560579,3174.954864957931
84.38640391845067,15.006097290475301,1.7256922130233776,0.7678237213031688,2709.0119902503943
730.9068686415674,4.870919200062369,1.319645474116771,0.945191593663971,4959.499581113295
500.5364030441365,3.337443898956615,1.9505529128842194,0.9791195260507977,3329.5763005047543
691.5183724634587,22.11023990223919,0.5775030824869416,0.7286082763819011,11210.961504519804
440.47906521770875,15.397373418303692,1.2571933974567921,0.8350175918278675,9906.98862073823
253.93801290671576,13.668670375840207,1.5776809209838252,0.8012362836892687,6568.4608115055735
820.9112944974577,22.155738630919505,1.7939607067237684,0.9612065366372318,33893.19017459494
801.4217201792894,23.199874070742183,0.768883417861685,0.7250574744040056,18221.123790898175
697.7495061458825,5.608336862411253,1.700005222645522,0.7633377827674112,8229.311789425627
279.4236858576631,18.696529334851597,1.329060613577818,0.9257405012759483,7458.354668138548
594.3283602003962,4.92526838605288,1.0948305229849449,0.7153881546943647,4128.223837814846
367.36415797062654,22.789877494842326,0.6975725428686403,0.8477606142142867,6730.176242359762
100.66625259336782,20.051699531747047,1.7979436383633687,0.832632110403916,4229.144860969143
918.1404397076203,28.74182401142028,0.7359098122695731,0.8003203536966246,23307.61657301123
145.45044460977178,2.9997824743362145,0.9646817888136489,0.8183716945956772,495.18746166658644
950.7349802825944,2.654586913386375,0.9350682979436553,0.8589821760790699,2697.9914923409615
451.5457152283762,9.183425166102804,1.8071210512862814,0.7484102075165149,9374.207291592873
